Designator,Val,Package,Mid X,Mid Y,Rotation,Layer
BOOT1,TS-1088-AR02016,SW_TS-1088-AR02016,52.4685,-96.7905,90.0,top
BOOT2,TS-1088-AR02016,SW_TS-1088-AR02016,100.9685,-72.3655,180.0,top
C1,10μF,C_0603_1608Metric,28.8798,-59.8905,0.0,top
C10,1μF,C_0603_1608Metric,85.8835,-68.3455,180.0,top
C11,0.1μF,C_0603_1608Metric,84.9685,-73.1405,-90.0,top
C12,0.1μF,C_0603_1608Metric,96.9685,-73.1405,-90.0,top
C13,100nF,C_0603_1608Metric,39.481,-51.1905,-90.0,top
C14,22μF,C_0805_2012Metric,26.5585,-115.3655,-90.0,top
C15,22μF,C_0805_2012Metric,39.3385,-115.2855,-90.0,top
C16,22μF,C_0805_2012Metric,26.5585,-98.3655,-90.0,top
C17,22μF,C_0805_2012Metric,39.3485,-98.7655,-90.0,top
C18,100nF,C_0603_1608Metric,105.1035,-103.138,180.0,top
C19,100nF,C_0603_1608Metric,102.6985,-103.9105,90.0,top
C2,0.1μF,C_0603_1608Metric,28.8798,-58.3905,180.0,top
C20,100nF,C_0603_1608Metric,100.2035,-103.913,90.0,top
C21,100nF,C_0603_1608Metric,106.1035,-104.638,0.0,top
C22,4.7μF,C_0603_1608Metric,106.0035,-113.638,0.0,top
C23,33pF,C_0603_1608Metric,63.1095,-89.14,-90.0,top
C24,33pF,C_0603_1608Metric,66.1695,-89.135,90.0,top
C25,33pF,C_0603_1608Metric,69.606,-88.1245,0.0,top
C26,33pF,C_0603_1608Metric,71.8895,-90.82,90.0,top
C27,100nF,C_0603_1608Metric,64.4305,-91.4255,0.0,top
C3,0.1μF,C_0603_1608Metric,37.005,-61.46,0.0,top
C31,100nF,C_0603_1608Metric,49.946,-77.5905,90.0,top
C32,22pF,C_0603_1608Metric,51.446,-77.5905,90.0,top
C33,100pF,C_0603_1608Metric,52.946,-77.5905,90.0,top
C34,100nF,C_0603_1608Metric,76.646,-78.6355,90.0,top
C35,0.1μF,C_0603_1608Metric,51.626,-92.5155,180.0,top
C36,0.1μF,C_0603_1608Metric,56.766,-92.5155,180.0,top
C37,0.1μF,C_0603_1608Metric,72.4685,-64.8655,90.0,top
C38,25SVPK470M,CAP_25SVPK470M,47.9685,-84.8655,-90.0,top
C4,100nF,C_0603_1608Metric,69.7185,-56.8655,180.0,top
C5,10μF,C_1206_3216Metric,63.14,-50.815,90.0,top
C6,10μF,C_1206_3216Metric,60.77,-50.815,90.0,top
C7,22μF,C_1206_3216Metric,70.62,-50.815,90.0,top
C8,22μF,C_1206_3216Metric,72.985,-50.815,90.0,top
C9,22μF,C_1206_3216Metric,75.35,-50.815,90.0,top
D1,KT-0603B 0603,LED_0603_1608Metric,25.4685,-62.1405,-90.0,top
D2,KT-0603R 0603,LED_0603_1608Metric,25.4685,-65.1405,90.0,top
D3,KT-0603R 0603,LED_0603_1608Metric,102.9685,-66.8655,180.0,top
D4,SS34,D_SMA,36.5285,-112.3855,90.0,top
D5,SS34,D_SMA,36.5585,-95.3555,90.0,top
D6,KT-0603R 0603,LED_0603_1608Metric,98.5035,-103.6935,-90.0,top
D7,KT-0603R 0603,LED_0603_1608Metric,76.646,-71.848,90.0,top
D8,SMF5.0A,SODFL3718X102N,46.3935,-76.8655,180.0,top
J1,Conn_01x22_Pin,PinHeader_1x22_P2.54mm_Vertical,108.9685,-70.9555,0.0,top
J10,XT60PW-M,AMASS_XT60PW-M,37.0425,-78.1155,90.0,top
J12,NANO SIM,nanoSIM_Hinged_CUI_NSIM-2-C,67.0055,-100.1255,0.0,top
J14,JST_GH_SM05B-GHS-TB,JST_GH_SM05B-GHS-TB_1x05-1MP_P1.25mm_Horizontal,101.4685,-118.6155,180.0,top
J15,JST_GH_SM05B-GHS-TB,JST_GH_SM05B-GHS-TB_1x05-1MP_P1.25mm_Horizontal,80.9685,-118.6155,180.0,top
J2,Conn_01x22_Pin,PinHeader_1x22_P2.54mm_Vertical,80.9685,-71.0355,0.0,top
J3,JST_GH_SM04B-GHS-TB,JST_GH_SM04B-GHS-TB_1x04-1MP_P1.25mm_Horizontal,60.3435,-118.6155,180.0,top
J4,JST_GH_SM03B-GHS-TB,JST_GH_SM03B-GHS-TB_1x03-1MP_P1.25mm_Horizontal,50.9685,-118.6155,180.0,top
J6,S2B-XH-A_LF__SN_,JST_S2B-XH-A_LF__SN_,29.8138,-50.703,0.0,top
J7,JST_GH_SM04B-GHS-TB,JST_GH_SM04B-GHS-TB_1x04-1MP_P1.25mm_Horizontal,70.3435,-118.6155,180.0,top
J8,U.FL-R-SMT-1_80_,HIROSE_U.FL-R-SMT-1_80_,49.4185,-64.4155,90.0,top
JP1,TX,PinHeader_1x02_P2.54mm_Vertical,103.8335,-85.3505,180.0,top
JP10,LED ON,PinHeader_1x02_P2.00mm_Vertical,94.6035,-103.3655,0.0,top
JP2,RX,PinHeader_1x02_P2.54mm_Vertical,98.4685,-85.3505,180.0,top
JP3,DBG,PinHeader_1x02_P2.54mm_Vertical,50.9685,-72.8705,180.0,top
JP5,+3.3V,PinHeader_1x02_P2.54mm_Vertical,45.9685,-72.3605,0.0,top
JP6,LED ON,PinHeader_1x02_P2.00mm_Vertical,94.9685,-66.8655,90.0,top
JP7,LED ON,PinHeader_1x02_P2.00mm_Vertical,76.546,-64.6655,0.0,top
JP8,LED ON,PinHeader_1x02_P2.00mm_Vertical,27.4685,-68.2655,-90.0,top
JP9,+5V,PinHeader_1x02_P2.54mm_Vertical,109.1585,-109.4705,180.0,top
L1,2.2μH,SLO0420H,66.8685,-44.878,0.0,top
L2,CD54-4R7M,L_Coilcraft_XAL6060-XXX,30.4485,-109.8655,0.0,top
L3,CD54-4R7M,L_Coilcraft_XAL6060-XXX,30.4485,-92.8655,0.0,top
PSM1,TS-1088-AR02016,SW_TS-1088-AR02016,68.4685,-64.8655,0.0,top
Q2,PDTC114EU_115,SOT65P210X110-3N,76.646,-81.8605,90.0,top
Q3,PDTC114EU_115,SOT65P210X110-3N,76.646,-75.1355,90.0,top
Q4,IRLZ44NSTRR,TRANS_IRF3205S,89.9685,-88.9205,-90.0,top
Q5,FS8205,SOT95P280X145-6N,32.9685,-55.8655,180.0,top
R1,1k,R_0603_1608Metric,27.1923,-62.1905,90.0,top
R10,1k,R_0603_1608Metric,99.616,-66.8655,0.0,top
R11,1M,R_0603_1608Metric,34.9685,-51.1905,-90.0,top
R12,470k,R_0603_1608Metric,36.481,-51.1905,90.0,top
R13,470k,R_0603_1608Metric,37.981,-51.1905,-90.0,top
R14,200,R_0603_1608Metric,33.1135,-115.8855,0.0,top
R15,200,R_0603_1608Metric,33.1785,-98.8655,0.0,top
R16,1k,R_0603_1608Metric,96.9035,-103.6935,90.0,top
R17,22,R_0603_1608Metric,64.6495,-89.135,-90.0,top
R18,22,R_0603_1608Metric,71.951,-87.1045,-90.0,top
R19,22,R_0603_1608Metric,73.3895,-90.82,90.0,top
R2,1k,R_0603_1608Metric,27.1923,-65.1905,-90.0,top
R20,10k,R_0603_1608Metric,74.8995,-89.135,-90.0,top
R21,0R,R_0402_1005Metric,54.251,-64.4155,0.0,top
R22,2.2k,R_0603_1608Metric,76.646,-68.8405,90.0,top
R23,4.7k,R_0603_1608Metric,50.9685,-113.3655,0.0,top
R24,10k,R_0603_1608Metric,74.046,-64.9905,90.0,top
R25,1.47k,R_0603_1608Metric,33.1135,-114.3855,180.0,top
R26,3.8k,R_0603_1608Metric,33.1785,-97.3655,180.0,top
R27,4.7k,R_0603_1608Metric,60.6435,-111.8655,0.0,top
R28,4.7k,R_0603_1608Metric,59.4685,-113.3655,0.0,top
R3,1.2k,R_0603_1608Metric,37.005,-64.02,0.0,top
R4,100,R_0603_1608Metric,25.6048,-58.3905,0.0,top
R5,1k,R_0603_1608Metric,34.6298,-58.3655,0.0,top
R6,1M,R_0603_1608Metric,74.9935,-54.8655,180.0,top
R7,180k,R_0603_1608Metric,72.1685,-55.6905,-90.0,top
R8,1M,R_0603_1608Metric,64.0685,-55.9205,-90.0,top
R9,10k,R_0603_1608Metric,90.1435,-66.9255,180.0,top
RESET1,TS-1088-AR02016,SW_TS-1088-AR02016,57.9685,-96.7905,90.0,top
RESET2,TS-1088-AR02016,SW_TS-1088-AR02016,88.8935,-72.3655,180.0,top
S1,SS12D07VG4,SW_SS12D07VG4,48.9685,-50.8655,-90.0,top
U1,ESP32-S3-WROOM-1,ESP32-S3-WROOM-1,95.2185,-51.3255,0.0,top
U2,BC660K-GL,XCVR_BC660K-GL,64.346,-76.0655,90.0,top
U3,TP4056,SOIC-8-1EP_3.9x4.9mm_P1.27mm_EP2.41x3.3mm_ThermalVias,31.7685,-63.3655,90.0,top
U4,DW01A,SOT-23-6,27.9048,-55.8905,90.0,top
U5,TPS63020DSJR,IC_TPS63020DSJR,66.8685,-52.8655,180.0,top
U6,SX1308,SOT-23-6,29.5985,-115.3155,90.0,top
U7,SX1308,SOT-23-6,29.6185,-98.3155,90.0,top
U8,MAX3232ESE+T,SOIC-16_3.9x9.9mm_P1.27mm,102.1035,-109.138,180.0,top
U9,SMS3.3.TCT,SOT-23-6,69.037,-90.65,270.0,top
